date,title,jurisdiction,proceeding_docket,filing_type,file_path
2020-01-06,Vehicle-to-Grid (V2G) Alternating Current (AC) Interconnection Subgroup Report Comments,California,,Comments,filings/2020-01-06_Vehicle-to-Grid-V2G-Alternating-Current-AC-Interconnection.pdf
2020-01-27,Vehicle-to-Grid (V2G) Alternating Current (AC) Interconnection Subgroup Report Reply Comments,California,,Reply Comments,filings/2020-01-27_Vehicle-to-Grid-V2G-Alternating-Current-AC-Interconnection.pdf
2020-01-30,2020 Microgrid Staff & IOU Proposals & Strategies Comments,California,,Comments,filings/2020-01-30_2020-Microgrid-Staff-IOU-Proposals-Strategies-Comments.pdf
2020-03-06,Transportation Electrification Framework (TEF) Staff Proposal Sections 2-5 Comments,California,,Comments,filings/2020-03-06_Transportation-Electrification-Framework-TEF-Staff-Proposal.pdf
2020-04-01,Vehicle-Grid Integration (VGI) Working Group Informal Response to Staff Questions on Policy Recommendations,California,,Response,filings/2020-04-01_Vehicle-Grid-Integration-VGI-Working-Group-Informal.pdf
2020-04-27,Transportation Electrification Framework (TEF) Staff Proposal Sections 2-5 Reply Comments,California,R.18-12-006,Reply Comments,filings/2020-04-27_Transportation-Electrification-Framework-TEF-Staff-Proposal.pdf
2020-05-07,Vehicle-Grid Integration (VGI) Working Group Informal Response to PUC Question C,California,,Response,filings/2020-05-07_Vehicle-Grid-Integration-VGI-Working-Group-Informal.docx
2020-05-11,Transportation Electrification Framework (TEF) Staff Proposal Sections 3.4 and 11.3 Comments,California,,Comments,filings/2020-05-11_Transportation-Electrification-Framework-TEF-Staff-Proposal.pdf
2020-06-19,Transportation Electrification Framework (TEF) Staff Proposal Sections 3.4 and 11.3 Reply Comments,California,,Reply Comments,filings/2020-06-19_Transportation-Electrification-Framework-TEF-Staff-Proposal.pdf
2020-07-14,Transportation Electrification Framework (TEF) Staff Proposal Sections 7 and 8 Comments,California,,Comments,filings/2020-07-14_Transportation-Electrification-Framework-TEF-Staff-Proposal.pdf
2020-07-15,CEC Integrated Energy Policy Report (IEPR) Scaling VGI Workshop Comments,California,,Comments,filings/2020-07-15_CEC-Integrated-Energy-Policy-Report-IEPR-Scaling-VGI.pdf
2020-07-27,Self-Generation Incentive Program (SGIP) Motion for Party Status,California,,Motion,filings/2020-07-27_Self-Generation-Incentive-Program-SGIP-Motion-for-Party.pdf
2020-08-07,Transportation Electrification Framework (TEF) Staff Proposal Sections 7 and 8 Reply Comments,California,,Reply Comments,filings/2020-08-07_Transportation-Electrification-Framework-TEF-Staff-Proposal.pdf
2020-08-14,Microgrids Track 2 Staff Proposal Comments,California,,Comments,filings/2020-08-14_Microgrids-Track-2-Staff-Proposal-Comments.pdf
2020-08-17,Vehicle-Grid Integration (VGI) Issues Joint Comments,California,,Comments,filings/2020-08-17_Vehicle-Grid-Integration-VGI-Issues-Joint-Comments.pdf
2020-08-21,"Transportation Electrification Framework (TEF) Staff Proposal Sections 6, 11.1, and 11.2 Comments",California,,Comments,filings/2020-08-21_Transportation-Electrification-Framework-TEF-Staff-Proposal.pdf
2020-08-31,Vehicle-Grid Integration (VGI) Issues Joint Reply Comments,California,,Reply Comments,filings/2020-08-31_Vehicle-Grid-Integration-VGI-Issues-Joint-Reply-Comments.pdf
2020-09-04,"Transportation Electrification Framework (TEF) Staff Proposal Sections 6, 11.1, and 11.2 Reply Comments",California,,Reply Comments,filings/2020-09-04_Transportation-Electrification-Framework-TEF-Staff-Proposal.pdf
2020-09-09,"Rule 21 Working Group 3, 4, and V2G-AC Subgroup Proposed Decision Comments",California,,Comments,filings/2020-09-09_Rule-21-Working-Group-3-4-and-V2G-AC-Subgroup-Proposed.pdf
2020-09-11,"Transportation Electrification Framework (TEF) Staff Proposal Sections 9, 10, and 12 Comments",California,,Comments,filings/2020-09-11_Transportation-Electrification-Framework-TEF-Staff-Proposal.pdf
2020-09-16,Self-Generation Incentive Program (SGIP) Scoping Memo Joint Comments,California,,Comments,filings/2020-09-16_Self-Generation-Incentive-Program-SGIP-Scoping-Memo-Joint.pdf
2020-09-25,"Transportation Electrification Framework (TEF) Staff Proposal Sections 9, 10, and 12 Reply Comments",California,,Reply Comments,filings/2020-09-25_Transportation-Electrification-Framework-TEF-Staff-Proposal.pdf
2020-10-23,Self-Generation Incentive Program (SGIP) Scoping Memo Reply Comments,California,,Reply Comments,filings/2020-10-23_Self-Generation-Incentive-Program-SGIP-Scoping-Memo-Reply.pdf
2020-11-30,PG&E Application for Day-Ahead Hourly Real Time Pricing Pilot Response,California,,Response,filings/2020-11-30_PG-E-Application-for-Day-Ahead-Hourly-Real-Time-Pricing.pdf
2020-12-03,Implementation of SB 676 and VGI Strategies Proposed Decision Joint Comments,California,,Comments,filings/2020-12-03_Implementation-of-SB-676-and-VGI-Strategies-Proposed.pdf
2020-12-08,Implementation of SB 676 and VGI Strategies Proposed Decision Joint Reply Comments,California,,Reply Comments,filings/2020-12-08_Implementation-of-SB-676-and-VGI-Strategies-Proposed.pdf
2021-01-04,PG&E Motion to Consolidate Real-Time Pricing Issues Into Single Proceeding Response,California,,Response,filings/2021-01-04_PG-E-Motion-to-Consolidate-Real-Time-Pricing-Issues-Into.pdf
2021-02-05,Implementation of AB 841 Comments,California,,Comments,filings/2021-02-05_Implementation-of-AB-841-Comments.pdf
2021-02-05,Emergency Reliability Order Instituting Rulemaking (OIR) Opening Brief,California,,Brief,filings/2021-02-05_Emergency-Reliability-Order-Instituting-Rulemaking-OIR.pdf
2021-02-19,Implementation of AB 841 Reply Comments,California,,Reply Comments,filings/2021-02-19_Implementation-of-AB-841-Reply-Comments.pdf
2021-03-15,Emergency Reliability Order Instituting Rulemaking (OIR) Proposed Decision (PD) Comments,California,,Comments,filings/2021-03-15_Emergency-Reliability-Order-Instituting-Rulemaking-OIR.pdf
2021-03-18,PG&E Establishment of Rule 29 Pursuant to AB 841 Advice Letter Response,California,Advice Letter 6102-E,Response,filings/2021-03-18_PG-E-Establishment-of-Rule-29-Pursuant-to-AB-841-Advice.pdf
2021-03-18,SDG&E Establishment of Rule 45 Pursuant to AB 841 Advice Letter Response,California,Advice Letter 3705-E,Response,filings/2021-03-18_SDG-E-Establishment-of-Rule-45-Pursuant-to-AB-841-Advice.pdf
2021-03-18,SCE Establishment of Rule 29 Pursuant to AB 841 Advice Letter Response,California,Advice Letter 4429-E,Response,filings/2021-03-18_SCE-Establishment-of-Rule-29-Pursuant-to-AB-841-Advice.pdf
2021-04-01,SCE Deployment of ALM in Charge Ready 2 Advice Letter Protest,California,Advice Letter 4439-E,Protest,filings/2021-04-01_SCE-Deployment-of-ALM-in-Charge-Ready-2-Advice-Letter.pdf
2021-05-19,Self-Generation Incentive Program (SGIP) Proposed Decision (PD) Comments,California,,Comments,filings/2021-05-19_Self-Generation-Incentive-Program-SGIP-Proposed-Decision-PD.pdf
2021-06-17,Vehicle-to-Grid (V2G) DC & AC Interconnection Process Advice Letter Response,California,Advice Letter 3774-E,Response,filings/2021-06-17_Vehicle-to-Grid-V2G-DC-AC-Interconnection-Process-Advice.pdf
2021-06-19,Enabling Automated Load Management (ALM) - Stakeholder Letter to CPUC,California,,Letter,filings/2021-06-19_Enabling-Automated-Load-Management-ALM-Stakeholder-Letter.pdf
2021-06-21,Near-Term Priority Transportation Electrification (TE) Investments Proposed Decision Comments,California,,Comments,filings/2021-06-21_Near-Term-Priority-Transportation-Electrification-TE.pdf
2021-06-28,Near-Term Priority Transportation Electrification (TE) Investments Proposed Decision Reply Comments,California,,Reply Comments,filings/2021-06-28_Near-Term-Priority-Transportation-Electrification-TE.pdf
2021-07-07,SCE Low Carbon Fuel Standard (LCFS) Holdback Funds Implementation Plan Advice Letter Response,California,Advice Letter 4518-E,Response,filings/2021-07-07_SCE-Low-Carbon-Fuel-Standard-LCFS-Holdback-Funds.pdf
2021-07-09,Massachusetts Draft 2022-2024 Energy Efficiency Plan Comments,Massachusetts,,Comments,filings/2021-07-09_Massachusetts-Draft-2022-2024-Energy-Efficiency-Plan.pdf
2021-07-23,PG&E Application for Day-Ahead Hourly Real-Time Pricing Pilot Reply Brief,California,A.20-10-011,Reply Brief,filings/2021-07-23_PG-E-Application-for-Day-Ahead-Hourly-Real-Time-Pricing.pdf
2021-07-23,US DOE Electric Grid Integration Request For Information Response,Federal,,Response,filings/2021-07-23_US-DOE-Electric-Grid-Integration-Request-For-Information.pdf
2021-08-04,SCE VGI Pilots Advice Letter Response,California,Advice Letter 4542-E,Response,filings/2021-08-04_SCE-VGI-Pilots-Advice-Letter-Response.pdf
2021-08-04,PG&E VGI Pilots Advice Letter Response,California,Advice Letter 6259-E,Response,filings/2021-08-04_PG-E-VGI-Pilots-Advice-Letter-Response.pdf
2021-08-06,Emergency Reliability OIR Proposed Amended Scope Comments,California,,Comments,filings/2021-08-06_Emergency-Reliability-OIR-Proposed-Amended-Scope-Comments.pdf
2021-08-10,Massachusetts Clean Peak Standard Demand Response Guidelines Comments,Massachusetts,,Response,filings/2021-08-10_Massachusetts-Clean-Peak-Standard-Demand-Response.pdf
2021-08-16,High DER Order Instituting Rulemaking (OIR) Comments,California,R.14-10-003,Comments,filings/2021-08-16_High-DER-Order-Instituting-Rulemaking-OIR-Comments.pdf
2021-08-25,EV Infrastructure Rules Draft Resolution Comments,California,E-5167,Comments,filings/2021-08-25_EV-Infrastructure-Rules-Draft-Resolution-Comments.pdf
2021-09-01,Emergency Reliability OIR Phase 2 Testimony,California,R.20-11-003,Testimony,filings/2021-09-01_Emergency-Reliability-OIR-Phase-2-Testimony.pdf
2021-09-10,Emergency Reliability OIR Phase 2 Reply Testimony,California,R.20-11-003,Reply Testimony,filings/2021-09-10_Emergency-Reliability-OIR-Phase-2-Reply-Testimony.pdf
2021-09-10,New York Proposals for Managed Charging Programs Comments,New York,E-0138,Comments,filings/2021-09-10_New-York-Proposals-for-Managed-Charging-Programs-Comments.pdf
2021-09-14,National Grid Phase III EV Market Development Program Comments,Massachusetts,,Comments,filings/2021-09-14_National-Grid-Phase-III-EV-Market-Development-Program.pdf
2021-09-14,Eversource Phase II EV Infrastructure Program Comments,Massachusetts,,Comments,filings/2021-09-14_Eversource-Phase-II-EV-Infrastructure-Program-Comments.pdf
2021-09-27,Emergency Reliability OIR Phase 2 Reply Brief,California,,Reply Brief,filings/2021-09-27_Emergency-Reliability-OIR-Phase-2-Reply-Brief.pdf
2021-10-05,CARB Advanced Clean Cars II Proposal Comments,California,,Comments,filings/2021-10-05_CARB-Advanced-Clean-Cars-II-Proposal-Comments.pdf
2021-10-07,High DER Order Instituting Rulemaking (OIR) Reply Comments,California,R.14-10-003,Reply Comments,filings/2021-10-07_High-DER-Order-Instituting-Rulemaking-OIR-Reply-Comments.pdf
2021-10-20,Vehicle-to-Grid (V2G) DC & AC Interconnection Process Draft Resolution Comments,California,Advice Letter 3774-E,Comments,filings/2021-10-20_Vehicle-to-Grid-V2G-DC-AC-Interconnection-Process-Draft.pdf
2021-11-08,PG&E Application for Day-Ahead Hourly Real-Time Pricing Proposed Decision (PD) Comments,California,,Comments,filings/2021-11-08_PG-E-Application-for-Day-Ahead-Hourly-Real-Time-Pricing.pdf
2021-11-10,Emergency Reliability OIR Phase Proposed Decision (PD) Comments,California,,Comments,filings/2021-11-10_Emergency-Reliability-OIR-Phase-Proposed-Decision-PD.pdf
2021-11-15,PG&E Application for Day-Ahead Hourly Real-Time Pricing Proposed Decision (PD) Reply Comments,California,,Reply Comments,filings/2021-11-15_PG-E-Application-for-Day-Ahead-Hourly-Real-Time-Pricing.pdf
2021-11-16,Emergency Reliability OIR Phase Proposed Decision (PD) Reply Comments,California,,Reply Comments,filings/2021-11-16_Emergency-Reliability-OIR-Phase-Proposed-Decision-PD-Reply.pdf
2021-11-29,PG&E Application for EV Charge 2 Program Response,California,,Response,filings/2021-11-29_PG-E-Application-for-EV-Charge-2-Program-Response.pdf
2022-01-22,SDG&E Application for V2G-Export Rate Response,California,,Response,filings/2022-01-22_SDG-E-Application-for-V2G-Export-Rate-Response.pdf
2022-01-28,US DOT FHWA EV Charging Program RFI Response,Federal,,Response,filings/2022-01-28_US-DOT-FHWA-EV-Charging-Program-RFI-Response.pdf
2022-02-10,US EPA Clean School Bus Program Development Comments,Federal,,Comments,filings/2022-02-10_US-EPA-Clean-School-Bus-Program-Development-Comments.pdf
2022-02-23,Emergency Load Reduction Program Phase 2 Implementation Advice Letter Protest,California,Advice Letter 6485-E,Protest,filings/2022-02-23_Emergency-Load-Reduction-Program-Phase-2-Implementation.pdf
2022-03-02,PG&E Application for EV Charge 2 Opening Testimony,California,A.21-10-010,Testimony,filings/2022-03-02_PG-E-Application-for-EV-Charge-2-Opening-Testimony.pdf
2022-03-16,Duke Energy EV Managed Charging Pilot Letter of Support,Unclear/Multi-state (Duke Energy),Docket Nos,Letter,filings/2022-03-16_Duke-Energy-EV-Managed-Charging-Pilot-Letter-of-Support.pdf
2022-03-23,PG&E VGI Pilots Resolution Comments,California,Advice Letter 6259-E,Comments,filings/2022-03-23_PG-E-VGI-Pilots-Resolution-Comments.pdf
2022-03-25,Clean Peak Standard Distribution Circuit Multiplier Straw Proposal Comments,Massachusetts,,Comments,filings/2022-03-25_Clean-Peak-Standard-Distribution-Circuit-Multiplier-Straw.pdf
2022-04-13,PG&E Application for Day-Ahead Hourly Real-Time Pricing Export Compensation Testimony,California,A.20-10-011,Testimony,filings/2022-04-13_PG-E-Application-for-Day-Ahead-Hourly-Real-Time-Pricing.pdf
2022-04-25,Energy Division Staff Proposal for TE Funding Cycles and Statewide BTM Program Comments,California,,Comments,filings/2022-04-25_Energy-Division-Staff-Proposal-for-TE-Funding-Cycles-and.pdf
2022-04-27,PG&E Application for Day-Ahead Hourly Real-Time Pricing Export Compensation Motion Response,California,A.20-10-011,Response,filings/2022-04-27_PG-E-Application-for-Day-Ahead-Hourly-Real-Time-Pricing.pdf
2022-04-29,PG&E Application for Day-Ahead Hourly Real-Time Pricing Export Compensation Rebuttal Testimony,California,A.20-10-011,Rebuttal Testimony,filings/2022-04-29_PG-E-Application-for-Day-Ahead-Hourly-Real-Time-Pricing.pdf
2022-05-16,Energy Division Staff Proposal for TE Funding Cycles and Statewide BTM Program Reply Comments,California,,Reply Comments,filings/2022-05-16_Energy-Division-Staff-Proposal-for-TE-Funding-Cycles-and.pdf
2022-05-23,New York Demand Charge Alternatives Initial Comments,New York,E-0236,Comments,filings/2022-05-23_New-York-Demand-Charge-Alternatives-Initial-Comments.pdf
2022-05-31,CARB Advanced Clean Cars II Final Proposed Rules Comments,California,,Comments,filings/2022-05-31_CARB-Advanced-Clean-Cars-II-Final-Proposed-Rules-Comments.pdf
2022-05-31,CEC Vehicle to Grid Inverter List Comments,California,Advice Letter 6458-E,Comments,filings/2022-05-31_CEC-Vehicle-to-Grid-Inverter-List-Comments.pdf
2022-06-03,New York Demand Charge Alternatives Reply Comments,New York,E-0236,Reply Comments,filings/2022-06-03_New-York-Demand-Charge-Alternatives-Reply-Comments.pdf
2022-06-06,"PG&E, SCE, an SDG&E 2023-2027 Demand Response Portfolio Application Response",California,,Response,filings/2022-06-06_PG-E-SCE-an-SDG-E-2023-2027-Demand-Response-Portfolio.pdf
2022-06-17,PG&E Dynamic Commercial Rate Export Compensation Settlement Agreement,California,,Settlement/Agreement,filings/2022-06-17_PG-E-Dynamic-Commercial-Rate-Export-Compensation-Settlement.pdf
2022-06-20,PG&E V2G Interconnection Form Advice Letter Protest,California,Advice Letter 6609-E,Protest,filings/2022-06-20_PG-E-V2G-Interconnection-Form-Advice-Letter-Protest.pdf
2022-07-20,PEV Submetering and EVSE Communication Standards Proposed Decision Comments,California,,Comments,filings/2022-07-20_PEV-Submetering-and-EVSE-Communication-Standards-Proposed.pdf
2022-07-25,PEV Submetering and EVSE Communication Standards Proposed Decision Reply Comments,California,,Reply Comments,filings/2022-07-25_PEV-Submetering-and-EVSE-Communication-Standards-Proposed.pdf
2022-07-29,Reducing Soft Costs Associated with Constructing Level 2 and DC Fast Chargers Comments,California,,Comments,filings/2022-07-29_Reducing-Soft-Costs-Associated-with-Constructing-Level-2.pdf
2022-08-12,VGI Market Status Update and Funding Concepts Workshop Comments,California,,Comments,filings/2022-08-12_VGI-Market-Status-Update-and-Funding-Concepts-Workshop.pdf
2022-08-15,Advancing Demand Flexibility Through Electric Rates OIR Comments,California,,Comments,filings/2022-08-15_Advancing-Demand-Flexibility-Through-Electric-Rates-OIR.pdf
2022-08-17,New York Submetering and Communication Standards Comments,New York,E-0138,Comments,filings/2022-08-17_New-York-Submetering-and-Communication-Standards-Comments.pdf
2022-08-22,FHWA Proposed NEVI Regulations Comments,Federal,Docket No. FHWA-2022-0008,Comments,filings/2022-08-22_FHWA-Proposed-NEVI-Regulations-Comments.pdf
2022-08-24,PG&E EV Charge 2 Application Opening Brief,California,,Brief,filings/2022-08-24_PG-E-EV-Charge-2-Application-Opening-Brief.pdf
2022-09-19,CARB Low Carbon Fuel Standard Potential Changes Comments,California,,Comments,filings/2022-09-19_CARB-Low-Carbon-Fuel-Standard-Potential-Changes-Comments.pdf
2022-09-22,PG&E VGI Pilots Rates Advice Letter Response,California,Advice Letter 6694-E,Response,filings/2022-09-22_PG-E-VGI-Pilots-Rates-Advice-Letter-Response.pdf
2022-09-30,Electric School Bus Bidirectional Charging Infrastructure Funding Concept Workshop Comments,California,,Comments,filings/2022-09-30_Electric-School-Bus-Bidirectional-Charging-Infrastructure.pdf
2022-10-03,New York Make-Ready Program Midpoint Review Comments,New York,E-0138,Comments,filings/2022-10-03_New-York-Make-Ready-Program-Midpoint-Review-Comments.pdf
2022-10-04,PG&E Dynamic Commercial Rate Export Compensation Proposed Decision Comments,California,,Comments,filings/2022-10-04_PG-E-Dynamic-Commercial-Rate-Export-Compensation-Proposed.pdf
2022-10-06,Integrated Resource Planning (IRP) Modeling Advisory Group Informal Comments,California,,Informal Comments,filings/2022-10-06_Integrated-Resource-Planning-IRP-Modeling-Advisory-Group.pdf
2022-11-03,Proposed Decision on Transportation Electrification Policy and Investment Comments,California,,Comments,filings/2022-11-03_Proposed-Decision-on-Transportation-Electrification-Policy.pdf
2022-11-08,Proposed Decision on Transportation Electrification Policy and Investment Reply Comments,California,,Reply Comments,filings/2022-11-08_Proposed-Decision-on-Transportation-Electrification-Policy.pdf
2022-11-18,Clean Peak Standard Distribution Circuit Multiplier Draft Guideline Comments,Massachusetts,,Comments,filings/2022-11-18_Clean-Peak-Standard-Distribution-Circuit-Multiplier-Draft.pdf
2022-11-30,Clean Alternatives for Reliability Request for Information Response,California,,Response,filings/2022-11-30_Clean-Alternatives-for-Reliability-Request-for-Information.pdf
2022-12-05,PG&E EV Charge 2 Proposed Decision Reply Comments,California,,Reply Comments,filings/2022-12-05_PG-E-EV-Charge-2-Proposed-Decision-Reply-Comments.pdf
2022-12-05,New York Demand Charge Alternative Staff Whitepaper Comments,New York,E-0236,Comments,filings/2022-12-05_New-York-Demand-Charge-Alternative-Staff-Whitepaper-Comments.pdf
2022-12-09,IRS Section 30C Alternative Fuel Vehicle Refueling Tax Credit Comments,Federal,,Comments,filings/2022-12-09_IRS-Section-30C-Alternative-Fuel-Vehicle-Refueling-Tax.pdf
2022-12-30,Draft 2023 Colorado EV Plan Comments,Colorado,,Comments,filings/2022-12-30_Draft-2023-Colorado-EV-Plan-Comments.pdf
2022-12-30,SDG&E Real-Time Pricing and Export Compensation Rate Pilots Opening Testimony,California,A.21-12-006,Testimony,filings/2022-12-30_SDG-E-Real-Time-Pricing-and-Export-Compensation-Rate-Pilots.pdf
2023-01-10,SDG&E Submetering Implementation Plan Advice Letter Response,California,R.18-12-006,Response,filings/2023-01-10_SDG-E-Submetering-Implementation-Plan-Advice-Letter-Response.pdf
2023-01-10,PG&E Submetering Implementation Plan Advice Letter Response,California,Advice Letter 6778-E,Response,filings/2023-01-10_PG-E-Submetering-Implementation-Plan-Advice-Letter-Response.pdf
2023-01-30,SDG&E Real-Time Pricing and Export Compensation Rate Pilots Rebuttal Testimony,California,A.21-12-006,Rebuttal Testimony,filings/2023-01-30_SDG-E-Real-Time-Pricing-and-Export-Compensation-Rate-Pilots.pdf
2023-02-06,Emergency Load Reduction Program Modifications Advice Letter Protest,California,Advice Letter 6826,Protest,filings/2023-02-06_Emergency-Load-Reduction-Program-Modifications-Advice.pdf
2023-02-17,CEC Demand Side Grid Support and Distributed Electricity Backup Assets Program Comments,California,,Comments,filings/2023-02-17_CEC-Demand-Side-Grid-Support-and-Distributed-Electricity.pdf
2023-02-28,NY Joint Utilities Submetering Testing Proposal Comments,New York,22-02356,Comments,filings/2023-02-28_NY-Joint-Utilities-Submetering-Testing-Proposal-Comments.pdf
2023-03-21,New Hampshire EV Charging Programs Initial Comments,New Hampshire,,Comments,filings/2023-03-21_New-Hampshire-EV-Charging-Programs-Initial-Comments.pdf
2023-04-05,PG&E Transportation Electrification Advisory Services Advice Letter Response,California,Advice Letter 6883-E,Response,filings/2023-04-05_PG-E-Transportation-Electrification-Advisory-Services.pdf
2023-04-06,CA Rate Design and Demand Flexibility Principles Proposed Decision Comments,California,,Comments,filings/2023-04-06_CA-Rate-Design-and-Demand-Flexibility-Principles-Proposed.pdf
2023-04-21,CA 2024-2027 Demand Response Portfolio Testimony,California,A.22-05-002,Testimony,filings/2023-04-21_CA-2024-2027-Demand-Response-Portfolio-Testimony.pdf
2023-04-27,PG&E VGI Pilots Budget Transfer Advice Letter Response,California,Advice Letter 6909-E,Response,filings/2023-04-27_PG-E-VGI-Pilots-Budget-Transfer-Advice-Letter-Response.pdf
2023-05-03,Emergency Load Reduction Program 2023 Modifications Draft Resolution Comments,California,Advice Letter 4142-E,Comments,filings/2023-05-03_Emergency-Load-Reduction-Program-2023-Modifications-Draft.pdf
2023-05-12,CA 2024-2027 Demand Response Portfolio Rebuttal Testimony,California,A.22-05-002,Rebuttal Testimony,filings/2023-05-12_CA-2024-2027-Demand-Response-Portfolio-Rebuttal-Testimony.pdf
2023-05-15,NY Make-Ready Program Midpoint Review Staff Whitepaper Initial Comments,New York,E-0138,Comments,filings/2023-05-15_NY-Make-Ready-Program-Midpoint-Review-Staff-Whitepaper.pdf
2023-05-30,NY Make-Ready Program Midpoint Review Staff Whitepaper Reply Comments,New York,E-0138,Reply Comments,filings/2023-05-30_NY-Make-Ready-Program-Midpoint-Review-Staff-Whitepaper.pdf
2023-06-05,NY Medium- and Heavy-Duty EV Charging Infrastructure Joint Comments,New York,E-0070,Comments,filings/2023-06-05_NY-Medium-and-Heavy-Duty-EV-Charging-Infrastructure-Joint.pdf
2023-06-09,SDG&E Export Compensation Pilot Opening Brief,California,,Brief,filings/2023-06-09_SDG-E-Export-Compensation-Pilot-Opening-Brief.pdf
2023-06-15,CA Submetering Implementation Plans Draft Resolution Comments,California,AL 4913-E,Comments,filings/2023-06-15_CA-Submetering-Implementation-Plans-Draft-Resolution.pdf
2023-06-20,SDG&E Transportation Electrification Advisory Services Advice Letter Response,California,Advice Letter 4233-E,Response,filings/2023-06-20_SDG-E-Transportation-Electrification-Advisory-Services.pdf
2023-06-21,CA 2022-2023 Integrated Resource Planning (IRP) Updated Inputs and Assumptions Informal Comments,California,,Informal Comments,filings/2023-06-21_CA-2022-2023-Integrated-Resource-Planning-IRP-Updated.pdf
2023-06-26,NY Medium- and Heavy-Duty EV Charging Infrastructure Joint Reply Comments,New York,E-0070,Reply Comments,filings/2023-06-26_NY-Medium-and-Heavy-Duty-EV-Charging-Infrastructure-Joint.pdf
2023-07-07,SDG&E Export Compensation Pilot Reply Brief,California,R.22-07-005,Reply Brief,filings/2023-07-07_SDG-E-Export-Compensation-Pilot-Reply-Brief.pdf
2023-07-14,CA 2024-2027 Demand Response Portfolio Opening Brief,California,,Brief,filings/2023-07-14_CA-2024-2027-Demand-Response-Portfolio-Opening-Brief.pdf
2023-07-26,SDG&E Export Compensation Pilot Response to Reply Briefs,California,,Response,filings/2023-07-26_SDG-E-Export-Compensation-Pilot-Response-to-Reply-Briefs.pdf
2023-07-28,CA High DER Future Energy Impact Study Part 1 Comments,California,,Comments,filings/2023-07-28_CA-High-DER-Future-Energy-Impact-Study-Part-1-Comments.pdf
2023-08-07,CA High DER Future Energy Impact Study Part 1 Reply Comments,California,,Reply Comments,filings/2023-08-07_CA-High-DER-Future-Energy-Impact-Study-Part-1-Reply-Comments.pdf
2023-08-11,CA 2024-2027 Demand Response Portfolio Reply Brief,California,,Reply Brief,filings/2023-08-11_CA-2024-2027-Demand-Response-Portfolio-Reply-Brief.pdf
2023-08-21,NY Load Management Technology Incentive Program Proposal Comments,New York,E-0236,Comments,filings/2023-08-21_NY-Load-Management-Technology-Incentive-Program-Proposal.pdf
2023-08-31,CA Distributed Electricity Backup Assets Program Comments,California,,Comments,filings/2023-08-31_CA-Distributed-Electricity-Backup-Assets-Program-Comments.pdf
2023-09-01,NYSERDA Public School Bus Electrification Program Comments,New York,,Comments,filings/2023-09-01_NYSERDA-Public-School-Bus-Electrification-Program-Comments.pdf
2023-09-20,CA Second AB 2127 EV Infrastructure Draft Assessment Comments,California,,Comments,filings/2023-09-20_CA-Second-AB-2127-EV-Infrastructure-Draft-Assessment.pdf
2023-09-25,CA Dynamic Rate Pilot Expansion Staff Proposal Comments,California,,Comments,filings/2023-09-25_CA-Dynamic-Rate-Pilot-Expansion-Staff-Proposal-Comments.pdf
2023-10-04,CO Xcel 2024-2026 Transportation Electrification Plan Comments,Colorado,,Comments,filings/2023-10-04_CO-Xcel-2024-2026-Transportation-Electrification-Plan.pdf
2023-10-09,CA Dynamic Rate Pilot Expansion Staff Proposal Reply Comments,California,R.22-07-005,Reply Comments,filings/2023-10-09_CA-Dynamic-Rate-Pilot-Expansion-Staff-Proposal-Reply.pdf
2023-10-16,SDG&E Export Compensation Pilot Proposed Decision Comments,California,,Comments,filings/2023-10-16_SDG-E-Export-Compensation-Pilot-Proposed-Decision-Comments.pdf
2023-10-25,Ameren Illinois Electric Vehicle Pilots Informal Comments,Illinois,,Informal Comments,filings/2023-10-25_Ameren-Illinois-Electric-Vehicle-Pilots-Informal-Comments.pdf
2023-10-27,NY Demand Charge Alternatives Near-Term Solutions Comments,New York,E-0236,Comments,filings/2023-10-27_NY-Demand-Charge-Alternatives-Near-Term-Solutions-Comments.pdf
2023-11-07,Cal Advocates’ Distribution Grid Electrification Model Study and Report Reply Comments,California,,Reply Comments,filings/2023-11-07_Cal-Advocates-Distribution-Grid-Electrification-Model-Study.pdf
2023-11-13,CA Demand Flexibility Track B Working Group Report Comments,California,R.22-07-005,Comments,filings/2023-11-13_CA-Demand-Flexibility-Track-B-Working-Group-Report-Comments.pdf
2023-11-13,Michigan Interconnection Procedures and Distributed Generation Standards Reply Comments,Michigan,Case No. U-21482,Reply Comments,filings/2023-11-13_Michigan-Interconnection-Procedures-and-Distributed.pdf
2023-11-14,SDG&E TE Advisory Services Program Draft Resolution Comments,California,Advice Letter 4233-E,Comments,filings/2023-11-14_SDG-E-TE-Advisory-Services-Program-Draft-Resolution-Comments.pdf
2023-11-28,CA 2024-2027 Demand Response Portfolio Proposed Decision Comments,California,,Response,filings/2023-11-28_CA-2024-2027-Demand-Response-Portfolio-Proposed-Decision.pdf
2023-12-05,CA 2024-2027 Demand Response Portfolio Proposed Decision Reply Comments,California,,Reply Comments,filings/2023-12-05_CA-2024-2027-Demand-Response-Portfolio-Proposed-Decision.pdf
2023-12-20,CEC Demand Side Grid Support Program Enhancement Comments,California,,Comments,filings/2023-12-20_CEC-Demand-Side-Grid-Support-Program-Enhancement-Comments.pdf
2023-12-22,PG&E Request to Modify Eligibility Requirement for VGI Microgrids Pilot Advice Letter Response,California,Advice Letter 7083-E,Response,filings/2023-12-22_PG-E-Request-to-Modify-Eligibility-Requirement-for-VGI.pdf
2023-12-22,CA Demand Flexibility Track B Working Group Report Reply Comments,California,,Reply Comments,filings/2023-12-22_CA-Demand-Flexibility-Track-B-Working-Group-Report-Reply.pdf
2024-01-05,CA Dynamic Rate Pilot Expansion Proposed Decision Comments,California,,Comments,filings/2024-01-05_CA-Dynamic-Rate-Pilot-Expansion-Proposed-Decision-Comments.pdf
2024-01-12,CA Dynamic Rate Pilot Expansion Proposed Decision Reply Comments,California,,Reply Comments,filings/2024-01-12_CA-Dynamic-Rate-Pilot-Expansion-Proposed-Decision-Reply.pdf
2024-01-19,CA Transportation Electrification Policy and Infrastructure OIR Comments,California,,Comments,filings/2024-01-19_CA-Transportation-Electrification-Policy-and-Infrastructure.pdf
2024-01-25,CA PG&E V2G AC Pilot Lessons Learned and Recommendations Advice Letter Response,California,,Response,filings/2024-01-25_CA-PG-E-V2G-AC-Pilot-Lessons-Learned-and-Recommendations.pdf
2024-01-31,MA DOER Charging Forward Summary Report Comments,Massachusetts,,Comments,filings/2024-01-31_MA-DOER-Charging-Forward-Summary-Report-Comments.pdf
2024-02-02,CA Transportation Electrification Policy and Infrastructure OIR Reply Comments,California,,Reply Comments,filings/2024-02-02_CA-Transportation-Electrification-Policy-and-Infrastructure.pdf
2024-02-16,CA Transportation Electrification OIR Data Reporting Requirements Reply Comments,California,,Reply Comments,filings/2024-02-16_CA-Transportation-Electrification-OIR-Data-Reporting.pdf
2024-02-20,CA Energization Timelines OIR Comments,California,,Comments,filings/2024-02-20_CA-Energization-Timelines-OIR-Comments.pdf
2024-02-26,CA Transportation Electrification Policy and Infrastructure OIR Prehearing Conference Statement,California,R.23-12-008,Prehearing Statement,filings/2024-02-26_CA-Transportation-Electrification-Policy-and-Infrastructure.pdf
2024-02-27,NY Proactive Planning and V2X Comments,New York,E-0070,Comments,filings/2024-02-27_NY-Proactive-Planning-and-V2X-Comments.pdf
2024-03-01,CA Energization Timelines OIR Reply Comments,California,,Reply Comments,filings/2024-03-01_CA-Energization-Timelines-OIR-Reply-Comments.pdf
2024-03-15,CA Distributed Electricity Backup Assets Proposed GFO Comments,California,,Comments,filings/2024-03-15_CA-Distributed-Electricity-Backup-Assets-Proposed-GFO.pdf
2024-03-22,CA Demand Side Grid Support Program Proposed Guidelines Comments,California,,Comments,filings/2024-03-22_CA-Demand-Side-Grid-Support-Program-Proposed-Guidelines.pdf
2024-04-03,CA SDG&E Export Compensation Pilot Implementation Advice Letter Response,California,R.22-07-005,Response,filings/2024-04-03_CA-SDG-E-Export-Compensation-Pilot-Implementation-Advice.pdf
2024-04-05,MA DOER V2X Pilot Letter of Support,Massachusetts,,Letter,filings/2024-04-05_MA-DOER-V2X-Pilot-Letter-of-Support.pdf
2024-04-17,CA Zero-Emission School Bus and Infrastructure Funding Workshop Comments,California,,Comments,filings/2024-04-17_CA-Zero-Emission-School-Bus-and-Infrastructure-Funding.pdf
2024-04-19,MI V2G and ESS Compensation Discussion Comments,Michigan,,Comments,filings/2024-04-19_MI-V2G-and-ESS-Compensation-Discussion-Comments.pdf
2024-04-29,CA SCE Low Carbon Fuel Standard Holdback Funds Implementation Plan Response,California,Advice Letter 5271-E,Response,filings/2024-04-29_CA-SCE-Low-Carbon-Fuel-Standard-Holdback-Funds.pdf
2024-05-01,MD Evaluation of Phase I Utility Programs Comments,Maryland,Case No. 9478,Comments,filings/2024-05-01_MD-Evaluation-of-Phase-I-Utility-Programs-Comments.pdf
2024-05-03,CA Energization Timelines OIR Scoping Memo and Ruling Comments,California,,Comments,filings/2024-05-03_CA-Energization-Timelines-OIR-Scoping-Memo-and-Ruling.pdf
2024-05-08,CA SCE Vehicle-to-Grid Resource Proposal Response,California,,Response,filings/2024-05-08_CA-SCE-Vehicle-to-Grid-Resource-Proposal-Response.pdf
2024-05-14,IL ComEd Beneficial Electrification Pilots Comments,Illinois,,Comments,filings/2024-05-14_IL-ComEd-Beneficial-Electrification-Pilots-Comments.pdf
2024-05-17,CA Energization Timelines OIR Scoping Memo and Ruling Reply Comments,California,,Reply Comments,filings/2024-05-17_CA-Energization-Timelines-OIR-Scoping-Memo-and-Ruling-Reply.pdf
2024-05-21,CA Motion to Scope Power Control Systems and Flexible Connection Agreements in High DER OIR Response,California,,Response,filings/2024-05-21_CA-Motion-to-Scope-Power-Control-Systems-and-Flexible.pdf
2024-05-23,CA SCE Dynamic Rate Pilot Extension Dual Participation Supplemental Advice Letter Protest,California,Advice Letter 5285-E-A,Protest,filings/2024-05-23_CA-SCE-Dynamic-Rate-Pilot-Extension-Dual-Participation.pdf
2024-05-28,CA High DER Staff Proposal Comments,California,R.24-01-018,Comments,filings/2024-05-28_CA-High-DER-Staff-Proposal-Comments.pdf
2024-06-18,CA Energization Timelines OIR ALJ Ruling Comments,California,,Comments,filings/2024-06-18_CA-Energization-Timelines-OIR-ALJ-Ruling-Comments.pdf
2024-06-25,CA PG&E VGI Pilots Rate Design Draft Resolution Comments,California,"Advice Letter
6694-E",Comments,filings/2024-06-25_CA-PG-E-VGI-Pilots-Rate-Design-Draft-Resolution-Comments.pdf
2024-06-30,NY ConEd Modifications to Commercial Managed Charging Program Comments,New York,E-0236,Comments,filings/2024-06-30_NY-ConEd-Modifications-to-Commercial-Managed-Charging.pdf
2024-07-02,CA $1 Billion TE Rebate Program Pause Comments,California,,Comments,filings/2024-07-02_CA-1-Billion-TE-Rebate-Program-Pause-Comments.pdf
2024-07-08,CA Smart Inverter Operationalization Working Group Report Comments,California,,Comments,filings/2024-07-08_CA-Smart-Inverter-Operationalization-Working-Group-Report.pdf
2024-07-18,CA $1 Billion TE Rebate Program Pause Reply Comments,California,,Reply Comments,filings/2024-07-18_CA-1-Billion-TE-Rebate-Program-Pause-Reply-Comments.pdf
2024-07-22,CA Smart Inverter Operationalization Working Group Report Reply Comments,California,,Reply Comments,filings/2024-07-22_CA-Smart-Inverter-Operationalization-Working-Group-Report.pdf
2024-07-22,MD BGE Smart Charge Management Program Proposal Comments,Maryland,Case No. 9478,Comments,filings/2024-07-22_MD-BGE-Smart-Charge-Management-Program-Proposal-Comments.pdf
2024-08-12,CA V2G AC Interconnection Pilot Resolution Comments,California,"Advice Letter
5185-E",Comments,filings/2024-08-12_CA-V2G-AC-Interconnection-Pilot-Resolution-Comments.pdf
2024-08-19,TX El Paso Electric PowerConnect Decision Joint Comments,Texas,24-04312,Comments,filings/2024-08-19_TX-El-Paso-Electric-PowerConnect-Decision-Joint-Comments.pdf
2024-08-27,CA CARB Low Carbon Fuel Standard 15-Day Comments,California,,Comments,filings/2024-08-27_CA-CARB-Low-Carbon-Fuel-Standard-15-Day-Comments.pdf
2024-08-29,CA Energization Timelines Proposed Decision Comments,California,,Comments,filings/2024-08-29_CA-Energization-Timelines-Proposed-Decision-Comments.pdf
2024-09-06,IRS Section 30C Alternative Fuel Vehicle Refueling Tax Credit Coalition Letter,Federal,,Letter,filings/2024-09-06_IRS-Section-30C-Alternative-Fuel-Vehicle-Refueling-Tax.pdf
2024-09-26,CA Motion to Scope Power Control Systems and Flexible Connection Agreements in Energization Timelines OIR Response,California,R.18-12-006,Response,filings/2024-09-26_CA-Motion-to-Scope-Power-Control-Systems-and-Flexible.pdf
2024-10-03,CA Distribution Planning and Execution Process Proposed Decision Comments,California,,Comments,filings/2024-10-03_CA-Distribution-Planning-and-Execution-Process-Proposed.pdf
2024-10-08,CA Distribution Planning and Execution Process Proposed Decision Reply Comments,California,,Reply Comments,filings/2024-10-08_CA-Distribution-Planning-and-Execution-Process-Proposed.pdf
2024-10-14,CA PG&E V2X Microgrids Pilot Extension Request Response,California,Advice Letter 7378-E,Response,filings/2024-10-14_CA-PG-E-V2X-Microgrids-Pilot-Extension-Request-Response.pdf
2024-10-16,CA CARB Low Carbon Fuel Standard Second 15-Day Comments,California,,Comments,filings/2024-10-16_CA-CARB-Low-Carbon-Fuel-Standard-Second-15-Day-Comments.pdf
2024-10-23,MD V2G Interconnection Regulations Informal Comments,Maryland,,Informal Comments,filings/2024-10-23_MD-V2G-Interconnection-Regulations-Informal-Comments.pdf
2024-10-23,CA PG&E V2X Pilot Funding Resolution Comments,California,Advice Letter 6909-E,Comments,filings/2024-10-23_CA-PG-E-V2X-Pilot-Funding-Resolution-Comments.pdf
2024-10-30,CA Demand Side Grid Support 4th Edition Guidelines Comments,California,,Comments,filings/2024-10-30_CA-Demand-Side-Grid-Support-4th-Edition-Guidelines-Comments.pdf
2024-11-20,MD V2G Interconnection Regulations Formal Comments,Maryland,,Comments,filings/2024-11-20_MD-V2G-Interconnection-Regulations-Formal-Comments.pdf
2024-11-22,CA Charging Interoperability and Collaboration Yard Pre-Solicitation Comments,California,,Comments,filings/2024-11-22_CA-Charging-Interoperability-and-Collaboration-Yard-Pre.pdf
2024-12-06,CA High-DER Future Grid Study Report Opening Comments,California,,Comments,filings/2024-12-06_CA-High-DER-Future-Grid-Study-Report-Opening-Comments.pdf
2024-12-10,NY EV Queue Management Proposal Joint IREC-EDF-VGIC Comments,New York,E-0138,Comments,filings/2024-12-10_NY-EV-Queue-Management-Proposal-Joint-IREC-EDF-VGIC-Comments.pdf
2024-12-20,CA Flexible Demand Appliance Standards EVSE RFI Response,California,,Response,filings/2024-12-20_CA-Flexible-Demand-Appliance-Standards-EVSE-RFI-Response.pdf
2025-01-07,CA Informal Comments on Outstanding V2G Interconnection Barriers,California,,Informal Comments,filings/2025-01-07_CA-Informal-Comments-on-Outstanding-V2G-Interconnection.pdf
2025-01-08,CA Opening Testimony on SCE Vehicle-to-Grid Resource Proposal,California,A.24-03-019,Testimony,filings/2025-01-08_CA-Opening-Testimony-on-SCE-Vehicle-to-Grid-Resource.pdf
2025-01-10,CA High-DER Future Grid Study Report Reply Comments,California,,Reply Comments,filings/2025-01-10_CA-High-DER-Future-Grid-Study-Report-Reply-Comments.pdf
2025-01-16,NY Modified EV Queue Management Proposal Comments,New York,E-0138,Comments,filings/2025-01-16_NY-Modified-EV-Queue-Management-Proposal-Comments.pdf
2025-01-17,CA SB 846 Load Shift Goal Informal Comments,California,,Informal Comments,filings/2025-01-17_CA-SB-846-Load-Shift-Goal-Informal-Comments.pdf
2025-01-28,CA Demand Side Grid Support Modified 4th Edition Guidelines Comments,California,,Comments,filings/2025-01-28_CA-Demand-Side-Grid-Support-Modified-4th-Edition-Guidelines.pdf
2025-02-07,CA Zero-Emission Vehicle Infrastructure Plan,California,,Other/Unclear,filings/2025-02-07_CA-Zero-Emission-Vehicle-Infrastructure-Plan.pdf
2025-02-10,MA EV Program Modification Post-Hearing Comments,Massachusetts,,Comments,filings/2025-02-10_MA-EV-Program-Modification-Post-Hearing-Comments.pdf
2025-02-13,CA Integrated Energy Policy Report 2025 Draft Scoping Order Comments,California,,Comments,filings/2025-02-13_CA-Integrated-Energy-Policy-Report-2025-Draft-Scoping-Order.pdf
2025-03-07,CA PG&E Commercial EV Real-Time Pricing Rate Termination Response,California,,Response,filings/2025-03-07_CA-PG-E-Commercial-EV-Real-Time-Pricing-Rate-Termination.pdf
2025-03-13,CA Near-Term Flexible Service Connection Framework Comments,California,,Comments,filings/2025-03-13_CA-Near-Term-Flexible-Service-Connection-Framework-Comments.pdf
2025-03-13,CA Long-Term Flexible Service Connection Framework Comments,California,R.21-06-017,Comments,filings/2025-03-13_CA-Long-Term-Flexible-Service-Connection-Framework-Comments.pdf
2025-03-18,CA 2024-2026 Integrated Resource Planning Inputs & Assumptions Comments,California,,Comments,filings/2025-03-18_CA-2024-2026-Integrated-Resource-Planning-Inputs.pdf
2025-03-21,CA Demand Side Grid Support Option 4 Comments,California,,Comments,filings/2025-03-21_CA-Demand-Side-Grid-Support-Option-4-Comments.pdf
2025-03-27,CA Near-Term Flexible Service Connection Framework Reply Comments,California,R.21-06-017,Reply Comments,filings/2025-03-27_CA-Near-Term-Flexible-Service-Connection-Framework-Reply.pdf
2025-03-28,MD Utility Managed Charging Programs Comments,Maryland,Case No. 9478,Comments,filings/2025-03-28_MD-Utility-Managed-Charging-Programs-Comments.pdf
2025-04-01,NY Demand Charge Rebate and Commercial Managed Charging Program Comments,New York,E-0236,Comments,filings/2025-04-01_NY-Demand-Charge-Rebate-and-Commercial-Managed-Charging.pdf
2025-05-19,CA SCE VGI Program Proposal Advice Letter Response,California,Advice Letter 5536-E,Response,filings/2025-05-19_CA-SCE-VGI-Program-Proposal-Advice-Letter-Response.pdf
2025-05-27,CA LCFS Holdback Funds Implementation Guidelines Advice Letter Response,California,Advice Letter 4655-E,Response,filings/2025-05-27_CA-LCFS-Holdback-Funds-Implementation-Guidelines-Advice.pdf
2025-05-28,NY Load Management Technology Incentive Program Comments,New York,E-0236,Comments,filings/2025-05-28_NY-Load-Management-Technology-Incentive-Program-Comments.pdf
2025-06-03,CA Coalition Letter in Support of DSGS and DEBA,California,,Letter,filings/2025-06-03_CA-Coalition-Letter-in-Support-of-DSGS-and-DEBA.pdf
2025-07-07,NY Residential Managed Charging Program Petition Comments,New York,E-0138,Petition,filings/2025-07-07_NY-Residential-Managed-Charging-Program-Petition-Comments.pdf
2025-07-15,NY Grid of the Future Potential Study Comments,New York,E-0165,Comments,filings/2025-07-15_NY-Grid-of-the-Future-Potential-Study-Comments.pdf
2025-07-21,CA Joint Request to Commissioners to Open New Demand Response Proceeding,California,,Response,filings/2025-07-21_CA-Joint-Request-to-Commissioners-to-Open-New-Demand.pdf
2025-08-01,CA Integrated Resource Planning Scope Comments,California,,Comments,filings/2025-08-01_CA-Integrated-Resource-Planning-Scope-Comments.pdf
2025-08-07,CA V2G AC Interconnection Pathways Expansion Response,California,Advice Letter 5585-E,Response,filings/2025-08-07_CA-V2G-AC-Interconnection-Pathways-Expansion-Response.pdf
2025-08-08,TX V2G in Draft DER Interconnection Rules Comments,Texas,,Comments,filings/2025-08-08_TX-V2G-in-Draft-DER-Interconnection-Rules-Comments.pdf
2025-08-14,CA Dynamic Rates Guidelines Proposed Decision Comments,California,,Comments,filings/2025-08-14_CA-Dynamic-Rates-Guidelines-Proposed-Decision-Comments.pdf
2025-08-19,CA Follow-On Coalition Letter in Support of DSGS and DEBA,California,,Letter,filings/2025-08-19_CA-Follow-On-Coalition-Letter-in-Support-of-DSGS-and-DEBA.pdf
2025-08-19,CA Dynamic Rates Guidelines Proposed Decision Reply Comments,California,,Reply Comments,filings/2025-08-19_CA-Dynamic-Rates-Guidelines-Proposed-Decision-Reply-Comments.pdf
2025-08-21,CA SCE Dynamic Rate Pilot Funding Request Protest,California,Advice Letter 5596-E,Protest,filings/2025-08-21_CA-SCE-Dynamic-Rate-Pilot-Funding-Request-Protest.pdf
2025-08-22,CA SCE Dynamic Rate Application Motion for Party Status,California,,Motion,filings/2025-08-22_CA-SCE-Dynamic-Rate-Application-Motion-for-Party-Status.pdf
2025-08-25,CA Integrated Energy Policy Report Interconnection and Energization Comments,California,,Comments,filings/2025-08-25_CA-Integrated-Energy-Policy-Report-Interconnection-and.pdf
2025-08-26,CA PG&E V2X Microgrids Pilot Modification Response,California,Advice Letter 7378-E-A,Response,filings/2025-08-26_CA-PG-E-V2X-Microgrids-Pilot-Modification-Response.pdf
2025-08-28,MD Virtual Power Plant Pilot Application Comments,Maryland,Case No. 9761,Comments,filings/2025-08-28_MD-Virtual-Power-Plant-Pilot-Application-Comments.pdf
2025-09-05,CA SCE Joint Settlement Agreement for Vehicle-to-Grid Export Rate,California,,Settlement/Agreement,filings/2025-09-05_CA-SCE-Joint-Settlement-Agreement-for-Vehicle-to-Grid.pdf
2025-09-15,CA SCE Joint Settlement Agreement for Commercial Electric Vehicle Rates,California,,Settlement/Agreement,filings/2025-09-15_CA-SCE-Joint-Settlement-Agreement-for-Commercial-Electric.pdf
2025-09-22,NY Medium- and Heavy-Duty Make-Ready Pilot Petition Comments,New York,E-0138,Petition,filings/2025-09-22_NY-Medium-and-Heavy-Duty-Make-Ready-Pilot-Petition-Comments.pdf
2025-10-06,VA Dominion Virtual Power Plant Pilot Informal Feedback,Virginia,,Informal Comments,filings/2025-10-06_VA-Dominion-Virtual-Power-Plant-Pilot-Informal-Feedback.pdf
2025-10-17,MA EV Make-Ready and Managed Charging Proposals Informal Feedback,Massachusetts,,Informal Comments,filings/2025-10-17_MA-EV-Make-Ready-and-Managed-Charging-Proposals-Informal.pdf
2025-10-20,CA New Rule 21 Proceeding Scope Comments,California,,Comments,filings/2025-10-20_CA-New-Rule-21-Proceeding-Scope-Comments.pdf
2025-10-21,VA Dominion Demand Side Management Plan Informal Feedback,Virginia,,Informal Comments,filings/2025-10-21_VA-Dominion-Demand-Side-Management-Plan-Informal-Feedback.pdf
2025-10-27,CA SCE Vehicle-to-Grid Export Rate Settlement Joint Reply Comments,California,,Reply Comments,filings/2025-10-27_CA-SCE-Vehicle-to-Grid-Export-Rate-Settlement-Joint-Reply.pdf
2025-11-10,CA New Rule 21 Proceeding Scope Reply Comments,California,,Reply Comments,filings/2025-11-10_CA-New-Rule-21-Proceeding-Scope-Reply-Comments.pdf
2025-11-13,CA New Demand Response Proceeding Scope Comments,California,,Response,filings/2025-11-13_CA-New-Demand-Response-Proceeding-Scope-Comments.pdf
2025-11-17,CA EVSE Rebate and Reporting Requirements Proposed Decision Opening Comments,California,,Comments,filings/2025-11-17_CA-EVSE-Rebate-and-Reporting-Requirements-Proposed-Decision.pdf
2025-11-17,NV Interconnection Rule Reform Redlines and Comments,Nevada,,Comments,filings/2025-11-17_NV-Interconnection-Rule-Reform-Redlines-and-Comments.pdf
2025-11-24,CA EVSE Rebate and Reporting Requirements Proposed Decision Reply Comments,California,,Reply Comments,filings/2025-11-24_CA-EVSE-Rebate-and-Reporting-Requirements-Proposed-Decision.pdf
2025-11-24,CA SCE Vehicle-to-Grid Export Rate Settlement Reply Brief,California,,Reply Brief,filings/2025-11-24_CA-SCE-Vehicle-to-Grid-Export-Rate-Settlement-Reply-Brief.pdf
2025-12-01,CA New Demand Response Proceeding Scope Reply Comments,California,,Reply Comments,filings/2025-12-01_CA-New-Demand-Response-Proceeding-Scope-Reply-Comments.pdf
2025-12-05,CA 2026 Cap-and-Invest ZEV Funding Coalition Letter,California,,Letter,filings/2025-12-05_CA-2026-Cap-and-Invest-ZEV-Funding-Coalition-Letter.pdf
2025-12-05,NY EV Interconnection and Flexible EV Service Connection Joint Comments,New York,Case No. 18-E-0138,Comments,filings/2025-12-05_NY-EV-Interconnection-and-Flexible-EV-Service-Connection.pdf
2025-12-08,NY Submetering and Telematics Staff Report Comments,New York,E-0138,Comments,filings/2025-12-08_NY-Submetering-and-Telematics-Staff-Report-Comments.pdf
2025-12-15,CA Draft Electrification Impact Studies Part 2 Comments,California,,Comments,filings/2025-12-15_CA-Draft-Electrification-Impact-Studies-Part-2-Comments.pdf
2025-12-22,NY Submetering and Telematics Staff Report Reply Comments,New York,E-0138,Reply Comments,filings/2025-12-22_NY-Submetering-and-Telematics-Staff-Report-Reply-Comments.pdf
2026-01-16,CA SCE Dynamic Rate Application Direct Testimony,California,A.24-06-014,Testimony,filings/2026-01-16_CA-SCE-Dynamic-Rate-Application-Direct-Testimony.pdf
2026-02-04,NV Petition for Leave to Intervene in Interconnection Reform Docket,Nevada,Docket No. 25-12031,Petition,filings/2026-02-04_NV-Petition-for-Leave-to-Intervene-in-Interconnection.pdf
2026-02-05,CA Distribution Grid Electrification Model 2025 Study and Report Comments,California,,Comments,filings/2026-02-05_CA-Distribution-Grid-Electrification-Model-2025-Study-and.pdf
2026-02-09,MA Department of Energy Resources Peak Potential Report Comments,Massachusetts,,Comments,filings/2026-02-09_MA-Department-of-Energy-Resources-Peak-Potential-Report.pdf
2026-02-18,MA 2027-2030 EV Plan Proposal Comments,Massachusetts,,Comments,filings/2026-02-18_MA-2027-2030-EV-Plan-Proposal-Comments.pdf
2026-02-19,CA SDG&E LCFS Holdback Funds Proposal Protest,California,Advice Letter 4794-E,Protest,filings/2026-02-19_CA-SDG-E-LCFS-Holdback-Funds-Proposal-Protest.pdf
2026-02-19,CA PG&E Managed Charging Program Proposal Response,California,Advice Letter 7822-E,Response,filings/2026-02-19_CA-PG-E-Managed-Charging-Program-Proposal-Response.pdf
2026-02-20,CO Home Backup Power Petition Comments,Colorado,,Petition,filings/2026-02-20_CO-Home-Backup-Power-Petition-Comments.pdf
2026-02-23,MD Virtual Power Plant Pilot Application Update Comments,Maryland,Case No. 9761,Comments,filings/2026-02-23_MD-Virtual-Power-Plant-Pilot-Application-Update-Comments.pdf
2026-02-27,TX Home Backup Power Petition Comments,Texas,,Petition,filings/2026-02-27_TX-Home-Backup-Power-Petition-Comments.pdf
2026-03-02,DC EV TOU and Managed Charging Program Joint Support Letter,District of Columbia,Case No. 1167,Letter,filings/2026-03-02_DC-EV-TOU-and-Managed-Charging-Program-Joint-Support-Letter.pdf
2026-03-03,CA SCE Residential Managed Charging Program and Bidirectional Charging Equipment Rebate Comments,California,Advice Letter 5536,Comments,filings/2026-03-03_CA-SCE-Residential-Managed-Charging-Program-and.pdf
2026-03-03,CA SCE Residential Bidirectional Charging Equipment Rebate Joint Comments,California,Advice Letter 5536,Comments,filings/2026-03-03_CA-SCE-Residential-Bidirectional-Charging-Equipment-Rebate.pdf
2026-03-09,CA SCE Residential Bidirectional Charging Equipment Rebate Reply Comments,California,Advice Letter 5536-E,Reply Comments,filings/2026-03-09_CA-SCE-Residential-Bidirectional-Charging-Equipment-Rebate.pdf
2026-04-01,MD VPP and V2G Pilot Consolidation into Broader Demand-Side Management Efforts Comments,Maryland,Case No. 9761,Comments,filings/2026-04-01_MD-VPP-and-V2G-Pilot-Consolidation-into-Broader-Demand-Side.pdf
2026-04-09,CA SCE Vehicle-to-Grid Export Rate Settlement Proposed Decision Comments,California,,Comments,filings/2026-04-09_CA-SCE-Vehicle-to-Grid-Export-Rate-Settlement-Proposed.pdf
2026-04-13,NM Rural Electric Cooperative Proposed Interconnection Rule Comments,New Mexico,Docket No. 25-00008-UT,Comments,filings/2026-04-13_NM-Rural-Electric-Cooperative-Proposed-Interconnection-Rule.pdf
2026-04-27,NM Rural Electric Cooperative Proposed Interconnection Rule Reply Comments,New Mexico,Docket No. 25-00008-UT,Reply Comments,filings/2026-04-27_NM-Rural-Electric-Cooperative-Proposed-Interconnection-Rule.pdf
2026-04-30,CA Rule 21 Proceeding Phase 1 Comments,California,,Comments,filings/2026-04-30_CA-Rule-21-Proceeding-Phase-1-Comments.pdf
2026-04-30,CA Demand Response and Emergency Load Reduction Program Bridge Funding Comments,California,,Response,filings/2026-04-30_CA-Demand-Response-and-Emergency-Load-Reduction-Program.pdf
2026-05-01,NY EVSE Interconnection Decision Tree Informal Comments,New York,,Informal Comments,filings/2026-05-01_NY-EVSE-Interconnection-Decision-Tree-Informal-Comments.pdf
2026-05-06,CT Interconnection Working Group Proposed V2X Guidance Annotated Redlines,Connecticut,,Comments,filings/2026-05-06_CT-Interconnection-Working-Group-Proposed-V2X-Guidance.pdf
2026-05-11,CA New Advanced Rate Design Proceeding Comments,California,,Comments,filings/2026-05-11_CA-New-Advanced-Rate-Design-Proceeding-Comments.pdf
2026-05-15,NJ Integrated Distributed Energy Resource Plans Request for Information Response,New Jersey,"Docket No.
QO24030199",Response,filings/2026-05-15_NJ-Integrated-Distributed-Energy-Resource-Plans-Request-for.pdf
2026-05-15,NV Interconnection Reform Reply Comments,Nevada,Docket No. 25-12031,Reply Comments,filings/2026-05-15_NV-Interconnection-Reform-Reply-Comments.pdf
2026-05-18,CT Bidirectional EV Working Group Technical Standards Informal Comments,Connecticut,,Informal Comments,filings/2026-05-18_CT-Bidirectional-EV-Working-Group-Technical-Standards.pdf
2026-05-21,CA Demand Response and Emergency Load Reduction Program Bridge Funding Reply Comments,California,,Reply Comments,filings/2026-05-21_CA-Demand-Response-and-Emergency-Load-Reduction-Program.pdf
2026-05-26,NY Grid of the Future Domain Capability Profile Informal Comments,New York,,Informal Comments,filings/2026-05-26_NY-Grid-of-the-Future-Domain-Capability-Profile-Informal.pdf
2026-05-29,CA Electrification Impact Studies Part 2 Comments,California,,Comments,filings/2026-05-29_CA-Electrification-Impact-Studies-Part-2-Comments.pdf
2026-05-29,CA Rule 21 Proceeding Phase 1 Reply Comments,California,,Reply Comments,filings/2026-05-29_CA-Rule-21-Proceeding-Phase-1-Reply-Comments.pdf
2026-06-26,CA Bidirectional Charging Roadmap Joint VGIC + Auto Innovators Comments,California,,Comments,filings/2026-06-26_CA-Bidirectional-Charging-Roadmap-Joint-VGIC-Auto.pdf
2026-06-29,CT Bidirectional EV Working Group Program Administrator Straw Proposal Informal Comments,Connecticut,Docket No. 25-08-05,Informal Comments,filings/2026-06-29_CT-Bidirectional-EV-Working-Group-Program-Administrator.pdf
2026-07-01,CA SCE Dynamic Rate Application Opening Brief,California,,Brief,filings/2026-07-01_CA-SCE-Dynamic-Rate-Application-Opening-Brief.pdf
2026-07-17,CA Drive Forward Battery Durability and Warranty Requirements Joint Comments,California,,Comments,filings/2026-07-17_CA-Drive-Forward-Battery-Durability-and-Warranty.pdf
2026-07-17,NY Joint Utilities Residential Managed Charging Report Comments,New York,E-0138,Comments,filings/2026-07-17_NY-Joint-Utilities-Residential-Managed-Charging-Report.pdf
2026-07-22,CA SCE Dynamic Rate Application Supplemental Opening Brief,California,,Brief,filings/2026-07-22_CA-SCE-Dynamic-Rate-Application-Supplemental-Opening-Brief.pdf
2026-07-29,NY Joint Utilities Residential Managed Charging Report Comments Errata,New York,E-0138,Comments,filings/2026-07-29_NY-Joint-Utilities-Residential-Managed-Charging-Report.pdf
